,code,更新日期,code1,股票简称,Wind一级行业,Wind二级行业,公司属性,wind1,wind2,company
0,000009.SZ,2023/11/17,9,中国宝安,工业,资本货物,公众企业,0,0,0
1,000012.SZ,2023/11/17,12,南玻A,材料,材料Ⅱ,公众企业,1,1,0
2,000021.SZ,2023/11/17,21,深科技,信息技术,技术硬件与设备,中央国有企业,2,2,1
3,000027.SZ,2023/11/17,27,深圳能源,公用事业,公用事业Ⅱ,地方国有企业,3,3,2
4,000028.SZ,2023/11/17,28,国药一致,医疗保健,医疗保健设备与服务,中央国有企业,4,4,1
5,000031.SZ,2023/11/17,31,大悦城,房地产,房地产Ⅱ,中央国有企业,5,5,1
6,000039.SZ,2023/11/17,39,中集集团,工业,资本货物,公众企业,0,0,0
7,000050.SZ,2023/11/17,50,深天马A,信息技术,技术硬件与设备,中央国有企业,2,2,1
8,000060.SZ,2023/11/17,60,中金岭南,材料,材料Ⅱ,地方国有企业,1,1,2
9,000062.SZ,2023/11/17,62,深圳华强,信息技术,技术硬件与设备,民营企业,2,2,3
10,000089.SZ,2023/11/17,89,深圳机场,工业,运输,地方国有企业,0,6,2
11,000156.SZ,2023/11/17,156,华数传媒,可选消费,媒体Ⅱ,地方国有企业,6,7,2
12,000158.SZ,2023/11/17,158,常山北明,信息技术,软件与服务,地方国有企业,2,8,2
13,000400.SZ,2023/11/17,400,许继电气,工业,资本货物,中央国有企业,0,0,1
14,000401.SZ,2023/11/17,401,冀东水泥,材料,材料Ⅱ,地方国有企业,1,1,2
15,000402.SZ,2023/11/17,402,金融街,房地产,房地产Ⅱ,地方国有企业,5,5,2
16,000415.SZ,2023/11/17,415,渤海租赁,金融,多元金融,公众企业,7,9,0
17,000488.SZ,2023/11/17,488,晨鸣纸业,材料,材料Ⅱ,地方国有企业,1,1,2
18,000513.SZ,2023/11/17,513,丽珠集团,医疗保健,制药、生物科技与生命科学,民营企业,4,10,3
19,000519.SZ,2023/11/17,519,中兵红箭,工业,资本货物,中央国有企业,0,0,1
20,000528.SZ,2023/11/17,528,柳工,工业,资本货物,地方国有企业,0,0,2
21,000537.SZ,2023/11/17,537,广宇发展,公用事业,公用事业Ⅱ,中央国有企业,3,3,1
22,000540.SZ,2023/11/17,540,HEUNGKUK F&M INS,金融,保险Ⅱ,民营企业,7,11,3
23,000547.SZ,2023/11/17,547,航天发展,工业,资本货物,中央国有企业,0,0,1
24,000553.SZ,2023/11/17,553,安道麦A,材料,材料Ⅱ,中央国有企业,1,1,1
25,000559.SZ,2023/11/17,559,万向钱潮,可选消费,汽车与汽车零部件,民营企业,6,12,3
26,000563.SZ,2023/11/17,563,陕国投A,金融,多元金融,地方国有企业,7,9,2
27,000581.SZ,2023/11/17,581,威孚高科,可选消费,汽车与汽车零部件,地方国有企业,6,12,2
28,000598.SZ,2023/11/17,598,兴蓉环境,公用事业,公用事业Ⅱ,地方国有企业,3,3,2
29,000623.SZ,2023/11/17,623,吉林敖东,医疗保健,制药、生物科技与生命科学,民营企业,4,10,3
30,002557.SZ,2023/11/17,2557,洽洽食品,日常消费,食品、饮料与烟草,民营企业,8,13,3
31,000629.SZ,2023/11/17,629,钒钛股份,材料,材料Ⅱ,中央国有企业,1,1,1
32,000630.SZ,2023/11/17,630,铜陵有色,材料,材料Ⅱ,地方国有企业,1,1,2
33,000636.SZ,2023/11/17,636,风华高科,信息技术,技术硬件与设备,地方国有企业,2,2,2
34,002563.SZ,2023/11/17,2563,森马服饰,可选消费,耐用消费品与服装,民营企业,6,14,3
35,000656.SZ,2023/11/17,656,金科股份,房地产,房地产Ⅱ,民营企业,5,5,3
36,000671.SZ,2023/11/17,671,ST阳光城(退市),房地产,房地产Ⅱ,民营企业,5,5,3
37,002572.SZ,2023/11/17,2572,索菲亚,可选消费,耐用消费品与服装,民营企业,6,14,3
38,000685.SZ,2023/11/17,685,中山公用,公用事业,公用事业Ⅱ,地方国有企业,3,3,2
39,000686.SZ,2023/11/17,686,东北证券,金融,多元金融,公众企业,7,9,0
40,000690.SZ,2023/11/17,690,宝新能源,公用事业,公用事业Ⅱ,民营企业,3,3,3
41,000709.SZ,2023/11/17,709,河钢股份,材料,材料Ⅱ,地方国有企业,1,1,2
42,000717.SZ,2023/11/17,717,中南股份,材料,材料Ⅱ,中央国有企业,1,1,1
43,000718.SZ,2023/11/17,718,苏宁环球,房地产,房地产Ⅱ,民营企业,5,5,3
44,002595.SZ,2023/11/17,2595,豪迈科技,工业,资本货物,民营企业,0,0,3
45,000728.SZ,2023/11/17,728,国元证券,金融,多元金融,地方国有企业,7,9,2
46,000729.SZ,2023/11/17,729,燕京啤酒,日常消费,食品、饮料与烟草,地方国有企业,8,13,2
47,002603.SZ,2023/11/17,2603,以岭药业,医疗保健,制药、生物科技与生命科学,民营企业,4,10,3
48,000738.SZ,2023/11/17,738,航发控制,工业,资本货物,中央国有企业,0,0,1
49,000739.SZ,2023/11/17,739,普洛药业,医疗保健,制药、生物科技与生命科学,其他企业,4,10,4
50,000750.SZ,2023/11/17,750,国海证券,金融,多元金融,地方国有企业,7,9,2
51,002624.SZ,2023/11/17,2624,完美世界,信息技术,软件与服务,民营企业,2,8,3
52,002625.SZ,2023/11/17,2625,光启技术,工业,资本货物,民营企业,0,0,3
53,000778.SZ,2023/11/17,778,新兴铸管,材料,材料Ⅱ,中央国有企业,1,1,1
54,000783.SZ,2023/11/17,783,长江证券,金融,多元金融,公众企业,7,9,0
55,000785.SZ,2023/11/17,785,居然之家,可选消费,零售业,民营企业,6,15,3
56,002653.SZ,2023/11/17,2653,海思科,医疗保健,制药、生物科技与生命科学,民营企业,4,10,3
57,000807.SZ,2023/11/17,807,云铝股份,材料,材料Ⅱ,中央国有企业,1,1,1
58,002670.SZ,2023/11/17,2670,国盛金控,金融,多元金融,地方国有企业,7,9,2
59,002673.SZ,2023/11/17,2673,西部证券,金融,多元金融,地方国有企业,7,9,2
60,300463.SZ,2023/11/17,300463,迈克生物,医疗保健,制药、生物科技与生命科学,民营企业,4,10,3
61,300474.SZ,2023/11/17,300474,景嘉微,工业,资本货物,民营企业,0,0,3
62,000825.SZ,2023/11/17,825,太钢不锈,材料,材料Ⅱ,中央国有企业,1,1,1
63,000830.SZ,2023/11/17,830,鲁西化工,材料,材料Ⅱ,中央国有企业,1,1,1
64,000831.SZ,2023/11/17,831,中国稀土,材料,材料Ⅱ,中央国有企业,1,1,1
65,002683.SZ,2023/11/17,2683,广东宏大,材料,材料Ⅱ,地方国有企业,1,1,2
66,002690.SZ,2023/11/17,2690,美亚光电,工业,资本货物,民营企业,0,0,3
67,000869.SZ,2023/11/17,869,张裕A,日常消费,食品、饮料与烟草,集体企业,8,13,5
68,300482.SZ,2023/11/17,300482,万孚生物,医疗保健,制药、生物科技与生命科学,民营企业,4,10,3
69,000878.SZ,2023/11/17,878,云南铜业,材料,材料Ⅱ,中央国有企业,1,1,1
70,000883.SZ,2023/11/17,883,湖北能源,公用事业,公用事业Ⅱ,中央国有企业,3,3,1
71,002701.SZ,2023/11/17,2701,奥瑞金,材料,材料Ⅱ,民营企业,1,1,3
72,002705.SZ,2023/11/17,2705,新宝股份,可选消费,耐用消费品与服装,民营企业,6,14,3
73,000887.SZ,2023/11/17,887,中鼎股份,可选消费,汽车与汽车零部件,民营企业,6,12,3
74,300558.SZ,2023/11/17,300558,贝达药业,医疗保健,制药、生物科技与生命科学,民营企业,4,10,3
75,002739.SZ,2023/11/17,2739,万达电影,可选消费,媒体Ⅱ,民营企业,6,7,3
76,000898.SZ,2023/11/17,898,鞍钢股份,材料,材料Ⅱ,中央国有企业,1,1,1
77,300618.SZ,2023/11/17,300618,寒锐钴业,材料,材料Ⅱ,民营企业,1,1,3
78,002745.SZ,2023/11/17,2745,木林森,信息技术,半导体与半导体生产设备,民营企业,2,16,3
79,000930.SZ,2023/11/17,930,中粮科技,材料,材料Ⅱ,中央国有企业,1,1,1
80,603568.SH,2023/11/17,603568,伟明环保,工业,商业和专业服务,民营企业,0,17,3
81,002756.SZ,2023/11/17,2756,永兴材料,材料,材料Ⅱ,民营企业,1,1,3
82,601699.SH,2023/11/17,601699,潞安环能,能源,能源Ⅱ,地方国有企业,9,18,2
83,601717.SH,2023/11/17,601717,郑煤机,工业,资本货物,公众企业,0,0,0
84,601718.SH,2023/11/17,601718,际华集团,可选消费,耐用消费品与服装,中央国有企业,6,14,1
85,000932.SZ,2023/11/17,932,华菱钢铁,材料,材料Ⅱ,地方国有企业,1,1,2
86,000937.SZ,2023/11/17,937,冀中能源,能源,能源Ⅱ,地方国有企业,9,18,2
87,603589.SH,2023/11/17,603589,口子窖,日常消费,食品、饮料与烟草,民营企业,8,13,3
88,300630.SZ,2023/11/17,300630,普利制药,医疗保健,制药、生物科技与生命科学,民营企业,4,10,3
89,002797.SZ,2023/11/17,2797,第一创业,金融,多元金融,公众企业,7,9,0
90,000959.SZ,2023/11/17,959,首钢股份,材料,材料Ⅱ,地方国有企业,1,1,2
91,601778.SH,2023/11/17,601778,晶科科技,公用事业,公用事业Ⅱ,民营企业,3,3,3
92,603605.SH,2023/11/17,603605,珀莱雅,日常消费,家庭与个人用品,民营企业,8,19,3
93,002815.SZ,2023/11/17,2815,崇达技术,信息技术,技术硬件与设备,民营企业,2,2,3
94,000960.SZ,2023/11/17,960,锡业股份,材料,材料Ⅱ,地方国有企业,1,1,2
95,000961.SZ,2023/11/17,961,中南建设,房地产,房地产Ⅱ,民营企业,5,5,3
96,000967.SZ,2023/11/17,967,盈峰环境,工业,商业和专业服务,民营企业,0,17,3
97,601828.SH,2023/11/17,601828,美凯龙,可选消费,零售业,地方国有企业,6,15,2
98,601860.SH,2023/11/17,601860,紫金银行,金融,银行,地方国有企业,7,20,2
99,601866.SH,2023/11/17,601866,中远海发,工业,运输,中央国有企业,0,6,1
100,002831.SZ,2023/11/17,2831,裕同科技,材料,材料Ⅱ,民营企业,1,1,3
101,300676.SZ,2023/11/17,300676,华大基因,医疗保健,制药、生物科技与生命科学,民营企业,4,10,3
102,300677.SZ,2023/11/17,300677,英科医疗,医疗保健,医疗保健设备与服务,民营企业,4,4,3
103,000970.SZ,2023/11/17,970,中科三环,材料,材料Ⅱ,中央国有企业,1,1,1
104,000975.SZ,2023/11/17,975,银泰黄金,材料,材料Ⅱ,地方国有企业,1,1,2
105,603883.SH,2023/11/17,603883,老百姓,日常消费,食品与主要用品零售Ⅱ,民营企业,8,21,3
106,603885.SH,2023/11/17,603885,吉祥航空,工业,运输,民营企业,0,6,3
107,603613.SH,2023/11/17,603613,国联股份,信息技术,软件与服务,民营企业,2,8,3
108,002867.SZ,2023/11/17,2867,周大生,可选消费,耐用消费品与服装,民营企业,6,14,3
109,601869.SH,2023/11/17,601869,长飞光纤,信息技术,技术硬件与设备,公众企业,2,2,0
110,601872.SH,2023/11/17,601872,招商轮船,工业,运输,中央国有企业,0,6,1
111,601880.SH,2023/11/17,601880,辽港股份,工业,运输,中央国有企业,0,6,1
112,603127.SH,2023/11/17,603127,昭衍新药,医疗保健,制药、生物科技与生命科学,民营企业,4,10,3
113,000983.SZ,2023/11/17,983,山西焦煤,能源,能源Ⅱ,地方国有企业,9,18,2
114,000987.SZ,2023/11/17,987,越秀资本,金融,多元金融,地方国有企业,7,9,2
115,000988.SZ,2023/11/17,988,华工科技,信息技术,技术硬件与设备,地方国有企业,2,2,2
116,000990.SZ,2023/11/17,990,诚志股份,材料,材料Ⅱ,地方国有企业,1,1,2
117,000997.SZ,2023/11/17,997,新大陆,信息技术,技术硬件与设备,民营企业,2,2,3
118,000998.SZ,2023/11/17,998,隆平高科,日常消费,食品、饮料与烟草,中央国有企业,8,13,1
119,603927.SH,2023/11/17,603927,中科软,信息技术,软件与服务,其他企业,2,8,4
120,603638.SH,2023/11/17,603638,艾迪精密,工业,资本货物,民营企业,0,0,3
121,603650.SH,2023/11/17,603650,彤程新材,材料,材料Ⅱ,外资企业,1,1,6
122,601168.SH,2023/11/17,601168,西部矿业,材料,材料Ⅱ,地方国有企业,1,1,2
123,601179.SH,2023/11/17,601179,中国西电,工业,资本货物,中央国有企业,0,0,1
124,601187.SH,2023/11/17,601187,厦门银行,金融,银行,公众企业,7,20,0
125,601198.SH,2023/11/17,601198,东兴证券,金融,多元金融,中央国有企业,7,9,1
126,601928.SH,2023/11/17,601928,凤凰传媒,可选消费,媒体Ⅱ,地方国有企业,6,7,2
127,002901.SZ,2023/11/17,2901,大博医疗,医疗保健,医疗保健设备与服务,民营企业,4,4,3
128,300699.SZ,2023/11/17,300699,光威复材,材料,材料Ⅱ,民营企业,1,1,3
129,603156.SH,2023/11/17,603156,养元饮品,日常消费,食品、饮料与烟草,民营企业,8,13,3
130,000999.SZ,2023/11/17,999,华润三九,医疗保健,制药、生物科技与生命科学,中央国有企业,4,10,1
131,001203.SZ,2023/11/17,1203,大中矿业,材料,材料Ⅱ,民营企业,1,1,3
132,603658.SH,2023/11/17,603658,安图生物,医疗保健,制药、生物科技与生命科学,民营企业,4,10,3
133,603939.SH,2023/11/17,603939,益丰药房,日常消费,食品与主要用品零售Ⅱ,民营企业,8,21,3
134,601958.SH,2023/11/17,601958,金钼股份,材料,材料Ⅱ,地方国有企业,1,1,2
135,601200.SH,2023/11/17,601200,上海环境,工业,商业和专业服务,地方国有企业,0,17,2
136,001227.SZ,2023/11/17,1227,兰州银行,金融,银行,地方国有企业,7,20,2
137,603707.SH,2023/11/17,603707,健友股份,医疗保健,制药、生物科技与生命科学,民营企业,4,10,3
138,002925.SZ,2023/11/17,2925,盈趣科技,信息技术,技术硬件与设备,外资企业,2,2,6
139,002926.SZ,2023/11/17,2926,华西证券,金融,多元金融,地方国有企业,7,9,2
140,601969.SH,2023/11/17,601969,海南矿业,材料,材料Ⅱ,民营企业,1,1,3
141,601990.SH,2023/11/17,601990,南京证券,金融,多元金融,地方国有企业,7,9,2
142,601991.SH,2023/11/17,601991,大唐发电,公用事业,公用事业Ⅱ,中央国有企业,3,3,1
143,601992.SH,2023/11/17,601992,金隅集团,材料,材料Ⅱ,地方国有企业,1,1,2
144,601228.SH,2023/11/17,601228,广州港,工业,运输,地方国有企业,0,6,2
145,002505.SZ,2023/11/17,2505,鹏都农牧,日常消费,食品、饮料与烟草,民营企业,8,13,3
146,002506.SZ,2023/11/17,2506,协鑫集成,信息技术,半导体与半导体生产设备,民营企业,2,16,3
147,002507.SZ,2023/11/17,2507,涪陵榨菜,日常消费,食品、饮料与烟草,地方国有企业,8,13,2
148,002508.SZ,2023/11/17,2508,老板电器,可选消费,耐用消费品与服装,民营企业,6,14,3
149,002511.SZ,2023/11/17,2511,中顺洁柔,日常消费,家庭与个人用品,民营企业,8,19,3
150,603198.SH,2023/11/17,603198,迎驾贡酒,日常消费,食品、饮料与烟草,民营企业,8,13,3
151,002958.SZ,2023/11/17,2958,青农商行,金融,银行,公众企业,7,20,0
152,601997.SH,2023/11/17,601997,贵阳银行,金融,银行,地方国有企业,7,20,2
153,603000.SH,2023/11/17,603000,人民网,信息技术,软件与服务,中央国有企业,2,8,1
154,002936.SZ,2023/11/17,2936,郑州银行,金融,银行,地方国有企业,7,20,2
155,002939.SZ,2023/11/17,2939,长城证券,金融,多元金融,中央国有企业,7,9,1
156,001872.SZ,2023/11/17,1872,招商港口,工业,运输,中央国有企业,0,6,1
157,001914.SZ,2023/11/17,1914,招商积余,房地产,房地产Ⅱ,中央国有企业,5,5,1
158,001965.SZ,2023/11/17,1965,招商公路,工业,运输,中央国有企业,0,6,1
159,601298.SH,2023/11/17,601298,青岛港,工业,运输,地方国有企业,0,6,2
160,603712.SH,2023/11/17,603712,七一二,信息技术,技术硬件与设备,地方国有企业,2,2,2
161,603719.SH,2023/11/17,603719,良品铺子,可选消费,零售业,民营企业,6,15,3
162,603983.SH,2023/11/17,603983,丸美股份,日常消费,家庭与个人用品,民营企业,8,19,3
163,002532.SZ,2023/11/17,2532,天山铝业,材料,材料Ⅱ,民营企业,1,1,3
164,002945.SZ,2023/11/17,2945,华林证券,金融,多元金融,民营企业,7,9,3
165,002946.SZ,2023/11/17,2946,新乳业,日常消费,食品、饮料与烟草,民营企业,8,13,3
166,002948.SZ,2023/11/17,2948,青岛银行,金融,银行,公众企业,7,20,0
167,002966.SZ,2023/11/17,2966,苏州银行,金融,银行,公众企业,7,20,0
168,300724.SZ,2023/11/17,300724,捷佳伟创,信息技术,半导体与半导体生产设备,民营企业,2,16,3
169,601333.SH,2023/11/17,601333,广深铁路,工业,运输,中央国有企业,0,6,1
170,002002.SZ,2023/11/17,2002,ST鸿达,材料,材料Ⅱ,民营企业,1,1,3
171,002004.SZ,2023/11/17,2004,华邦健康,材料,材料Ⅱ,民营企业,1,1,3
172,600095.SH,2023/11/17,600095,湘财股份,金融,多元金融,民营企业,7,9,3
173,600096.SH,2023/11/17,600096,云天化,材料,材料Ⅱ,地方国有企业,1,1,2
174,002266.SZ,2023/11/17,2266,浙富控股,工业,资本货物,民营企业,0,0,3
175,002268.SZ,2023/11/17,2268,电科网安,信息技术,软件与服务,中央国有企业,2,8,1
176,600927.SH,2023/11/17,600927,永安期货,金融,多元金融,地方国有企业,7,9,2
177,600928.SH,2023/11/17,600928,西安银行,金融,银行,地方国有企业,7,20,2
178,603218.SH,2023/11/17,603218,日月股份,工业,资本货物,民营企业,0,0,3
179,603786.SH,2023/11/17,603786,科博达,可选消费,汽车与汽车零部件,民营企业,6,12,3
180,605117.SH,2023/11/17,605117,德业股份,可选消费,耐用消费品与服装,民营企业,6,14,3
181,603026.SH,2023/11/17,603026,胜华新材,材料,材料Ⅱ,地方国有企业,1,1,2
182,600006.SH,2023/11/17,600006,东风汽车,可选消费,汽车与汽车零部件,中央国有企业,6,12,1
183,600008.SH,2023/11/17,600008,首创环保,公用事业,公用事业Ⅱ,地方国有企业,3,3,2
184,600369.SH,2023/11/17,600369,西南证券,金融,多元金融,地方国有企业,7,9,2
185,600372.SH,2023/11/17,600372,中航机载,工业,资本货物,中央国有企业,0,0,1
186,600373.SH,2023/11/17,600373,中文传媒,可选消费,媒体Ⅱ,地方国有企业,6,7,2
187,601456.SH,2023/11/17,601456,国联证券,金融,多元金融,地方国有企业,7,9,2
188,002028.SZ,2023/11/17,2028,思源电气,工业,资本货物,民营企业,0,0,3
189,002030.SZ,2023/11/17,2030,达安基因,医疗保健,制药、生物科技与生命科学,地方国有企业,4,10,2
190,002985.SZ,2023/11/17,2985,北摩高科,工业,资本货物,民营企业,0,0,3
191,600546.SH,2023/11/17,600546,山煤国际,能源,能源Ⅱ,地方国有企业,9,18,2
192,600549.SH,2023/11/17,600549,厦门钨业,材料,材料Ⅱ,地方国有企业,1,1,2
193,600556.SH,2023/11/17,600556,天下秀,信息技术,软件与服务,民营企业,2,8,3
194,300741.SZ,2023/11/17,300741,华宝股份,日常消费,食品、饮料与烟草,外资企业,8,13,6
195,600109.SH,2023/11/17,600109,国金证券,金融,多元金融,民营企业,7,9,3
196,002010.SZ,2023/11/17,2010,传化智联,工业,运输,民营企业,0,6,3
197,002273.SZ,2023/11/17,2273,水晶光电,信息技术,技术硬件与设备,民营企业,2,2,3
198,600956.SH,2023/11/17,600956,新天绿能,公用事业,公用事业Ⅱ,地方国有企业,3,3,2
199,600959.SH,2023/11/17,600959,江苏有线,可选消费,媒体Ⅱ,地方国有企业,6,7,2
200,603225.SH,2023/11/17,603225,新凤鸣,材料,材料Ⅱ,民营企业,1,1,3
201,603228.SH,2023/11/17,603228,景旺电子,信息技术,技术硬件与设备,民营企业,2,2,3
202,603056.SH,2023/11/17,603056,德邦股份,工业,运输,民营企业,0,6,3
203,300253.SZ,2023/11/17,300253,卫宁健康,信息技术,软件与服务,民营企业,2,8,3
204,300257.SZ,2023/11/17,300257,开山股份,工业,资本货物,民营企业,0,0,3
205,600376.SH,2023/11/17,600376,首开股份,房地产,房地产Ⅱ,地方国有企业,5,5,2
206,600377.SH,2023/11/17,600377,宁沪高速,工业,运输,地方国有企业,0,6,2
207,600380.SH,2023/11/17,600380,健康元,医疗保健,制药、生物科技与生命科学,民营企业,4,10,3
208,601555.SH,2023/11/17,601555,东吴证券,金融,多元金融,地方国有企业,7,9,2
209,601568.SH,2023/11/17,601568,北元集团,材料,材料Ⅱ,地方国有企业,1,1,2
210,601577.SH,2023/11/17,601577,长沙银行,金融,银行,地方国有企业,7,20,2
211,600021.SH,2023/11/17,600021,上海电力,公用事业,公用事业Ⅱ,中央国有企业,3,3,1
212,003035.SZ,2023/11/17,3035,南网能源,公用事业,公用事业Ⅱ,中央国有企业,3,3,1
213,002048.SZ,2023/11/17,2048,宁波华翔,可选消费,汽车与汽车零部件,民营企业,6,12,3
214,603858.SH,2023/11/17,603858,步长制药,医疗保健,制药、生物科技与生命科学,外资企业,4,10,6
215,600563.SH,2023/11/17,600563,法拉电子,信息技术,技术硬件与设备,集体企业,2,2,5
216,002019.SZ,2023/11/17,2019,亿帆医药,医疗保健,制药、生物科技与生命科学,民营企业,4,10,3
217,600271.SH,2023/11/17,600271,航天信息,信息技术,技术硬件与设备,中央国有企业,2,2,1
218,600967.SH,2023/11/17,600967,内蒙一机,工业,资本货物,中央国有企业,0,0,1
219,600968.SH,2023/11/17,600968,海油发展,能源,能源Ⅱ,中央国有企业,9,18,1
220,600970.SH,2023/11/17,600970,中材国际,工业,资本货物,中央国有企业,0,0,1
221,688002.SH,2023/11/17,688002,睿创微纳,信息技术,技术硬件与设备,民营企业,2,2,3
222,600118.SH,2023/11/17,600118,中国卫星,工业,资本货物,中央国有企业,0,0,1
223,600120.SH,2023/11/17,600120,浙江东方,金融,多元金融,地方国有企业,7,9,2
224,600663.SH,2023/11/17,600663,陆家嘴,房地产,房地产Ⅱ,地方国有企业,5,5,2
225,600667.SH,2023/11/17,600667,太极实业,工业,资本货物,地方国有企业,0,0,2
226,603233.SH,2023/11/17,603233,大参林,日常消费,食品与主要用品零售Ⅱ,民营企业,8,21,3
227,002281.SZ,2023/11/17,2281,光迅科技,信息技术,技术硬件与设备,中央国有企业,2,2,1
228,600390.SH,2023/11/17,600390,五矿资本,金融,多元金融,中央国有企业,7,9,1
229,600392.SH,2023/11/17,600392,盛和资源,材料,材料Ⅱ,中央国有企业,1,1,1
230,601598.SH,2023/11/17,601598,中国外运,工业,运输,中央国有企业,0,6,1
231,601607.SH,2023/11/17,601607,上海医药,医疗保健,医疗保健设备与服务,地方国有企业,4,4,2
232,601608.SH,2023/11/17,601608,中信重工,工业,资本货物,中央国有企业,0,0,1
233,002233.SZ,2023/11/17,2233,塔牌集团,材料,材料Ⅱ,民营企业,1,1,3
234,300285.SZ,2023/11/17,300285,国瓷材料,材料,材料Ⅱ,民营企业,1,1,3
235,300769.SZ,2023/11/17,300769,德方纳米,材料,材料Ⅱ,公众企业,1,1,0
236,002056.SZ,2023/11/17,2056,横店东磁,工业,资本货物,其他企业,0,0,4
237,603077.SH,2023/11/17,603077,和邦生物,材料,材料Ⅱ,民营企业,1,1,3
238,600566.SH,2023/11/17,600566,济川药业,医疗保健,制药、生物科技与生命科学,民营企业,4,10,3
239,600567.SH,2023/11/17,600567,山鹰国际,材料,材料Ⅱ,民营企业,1,1,3
240,600572.SH,2023/11/17,600572,康恩贝,医疗保健,制药、生物科技与生命科学,地方国有企业,4,10,2
241,600282.SH,2023/11/17,600282,南钢股份,材料,材料Ⅱ,民营企业,1,1,3
242,603866.SH,2023/11/17,603866,桃李面包,日常消费,食品、饮料与烟草,民营企业,8,13,3
243,603868.SH,2023/11/17,603868,飞科电器,可选消费,耐用消费品与服装,民营企业,6,14,3
244,600022.SH,2023/11/17,600022,山东钢铁,材料,材料Ⅱ,地方国有企业,1,1,2
245,600026.SH,2023/11/17,600026,中远海能,工业,运输,中央国有企业,0,6,1
246,600027.SH,2023/11/17,600027,华电国际,公用事业,公用事业Ⅱ,中央国有企业,3,3,1
247,600673.SH,2023/11/17,600673,东阳光,材料,材料Ⅱ,民营企业,1,1,3
248,600811.SH,2023/11/17,600811,东方集团,日常消费,食品、饮料与烟草,民营企业,8,13,3
249,600398.SH,2023/11/17,600398,海澜之家,可选消费,耐用消费品与服装,民营企业,6,14,3
250,600399.SH,2023/11/17,600399,抚顺特钢,材料,材料Ⅱ,民营企业,1,1,3
251,600985.SH,2023/11/17,600985,淮北矿业,能源,能源Ⅱ,地方国有企业,9,18,2
252,600988.SH,2023/11/17,600988,赤峰黄金,材料,材料Ⅱ,民营企业,1,1,3
253,688006.SH,2023/11/17,688006,杭可科技,工业,资本货物,民营企业,0,0,3
254,688009.SH,2023/11/17,688009,中国通号,工业,资本货物,中央国有企业,0,0,1
255,600126.SH,2023/11/17,600126,杭钢股份,材料,材料Ⅱ,地方国有企业,1,1,2
256,600131.SH,2023/11/17,600131,国网信通,信息技术,软件与服务,中央国有企业,2,8,1
257,601611.SH,2023/11/17,601611,中国核建,工业,资本货物,中央国有企业,0,0,1
258,601615.SH,2023/11/17,601615,明阳智能,工业,资本货物,民营企业,0,0,3
259,601636.SH,2023/11/17,601636,旗滨集团,材料,材料Ⅱ,民营企业,1,1,3
260,002294.SZ,2023/11/17,2294,信立泰,医疗保健,制药、生物科技与生命科学,民营企业,4,10,3
261,002299.SZ,2023/11/17,2299,圣农发展,日常消费,食品、饮料与烟草,民营企业,8,13,3
262,603267.SH,2023/11/17,603267,鸿远电子,信息技术,技术硬件与设备,民营企业,2,2,3
263,002240.SZ,2023/11/17,2240,盛新锂能,材料,材料Ⅱ,民营企业,1,1,3
264,002242.SZ,2023/11/17,2242,九阳股份,可选消费,耐用消费品与服装,民营企业,6,14,3
265,300296.SZ,2023/11/17,300296,利亚德,信息技术,技术硬件与设备,民营企业,2,2,3
266,600409.SH,2023/11/17,600409,三友化工,材料,材料Ⅱ,公众企业,1,1,0
267,600415.SH,2023/11/17,600415,小商品城,工业,资本货物,地方国有企业,0,0,2
268,600418.SH,2023/11/17,600418,江淮汽车,可选消费,汽车与汽车零部件,地方国有企业,6,12,2
269,600580.SH,2023/11/17,600580,卧龙电驱,工业,资本货物,民营企业,0,0,3
270,600699.SH,2023/11/17,600699,均胜电子,可选消费,汽车与汽车零部件,民营企业,6,12,3
271,600704.SH,2023/11/17,600704,物产中大,工业,资本货物,地方国有企业,0,0,2
272,600705.SH,2023/11/17,600705,中航产融,金融,多元金融,中央国有企业,7,9,1
273,600707.SH,2023/11/17,600707,彩虹股份,信息技术,技术硬件与设备,地方国有企业,2,2,2
274,600297.SH,2023/11/17,600297,广汇汽车,可选消费,零售业,民营企业,6,15,3
275,600820.SH,2023/11/17,600820,隧道股份,工业,资本货物,地方国有企业,0,0,2
276,600823.SH,2023/11/17,600823,ST世茂,房地产,房地产Ⅱ,外资企业,5,5,6
277,600037.SH,2023/11/17,600037,歌华有线,可选消费,媒体Ⅱ,中央国有企业,6,7,1
278,600038.SH,2023/11/17,600038,中直股份,工业,资本货物,中央国有企业,0,0,1
279,600039.SH,2023/11/17,600039,四川路桥,工业,资本货物,地方国有企业,0,0,2
280,600998.SH,2023/11/17,600998,九州通,医疗保健,医疗保健设备与服务,民营企业,4,4,3
281,002065.SZ,2023/11/17,2065,东华软件,信息技术,软件与服务,民营企业,2,8,3
282,600435.SH,2023/11/17,600435,北方导航,工业,资本货物,中央国有企业,0,0,1
283,600446.SH,2023/11/17,600446,金证股份,信息技术,软件与服务,公众企业,2,8,0
284,601665.SH,2023/11/17,601665,齐鲁银行,金融,银行,公众企业,7,20,0
285,300832.SZ,2023/11/17,300832,新产业,医疗保健,医疗保健设备与服务,民营企业,4,4,3
286,600582.SH,2023/11/17,600582,天地科技,工业,资本货物,中央国有企业,0,0,1
287,002244.SZ,2023/11/17,2244,滨江集团,房地产,房地产Ⅱ,民营企业,5,5,3
288,002249.SZ,2023/11/17,2249,大洋电机,工业,资本货物,民营企业,0,0,3
289,002250.SZ,2023/11/17,2250,联化科技,材料,材料Ⅱ,民营企业,1,1,3
290,300308.SZ,2023/11/17,300308,中际旭创,信息技术,技术硬件与设备,民营企业,2,2,3
291,600298.SH,2023/11/17,600298,安琪酵母,日常消费,食品、饮料与烟草,地方国有企业,8,13,2
292,600299.SH,2023/11/17,600299,安迪苏,医疗保健,制药、生物科技与生命科学,中央国有企业,4,10,1
293,600141.SH,2023/11/17,600141,兴发集团,材料,材料Ⅱ,地方国有企业,1,1,2
294,600143.SH,2023/11/17,600143,金发科技,材料,材料Ⅱ,民营企业,1,1,3
295,600056.SH,2023/11/17,600056,中国医药,医疗保健,医疗保健设备与服务,中央国有企业,4,4,1
296,601000.SH,2023/11/17,601000,唐山港,工业,运输,地方国有企业,0,6,2
297,601003.SH,2023/11/17,601003,柳钢股份,材料,材料Ⅱ,地方国有企业,1,1,2
298,601005.SH,2023/11/17,601005,重庆钢铁,材料,材料Ⅱ,中央国有企业,1,1,1
299,688029.SH,2023/11/17,688029,南微医学,医疗保健,医疗保健设备与服务,公众企业,4,4,0
300,300001.SZ,2023/11/17,300001,特锐德,工业,资本货物,民营企业,0,0,3
301,600827.SH,2023/11/17,600827,百联股份,日常消费,食品与主要用品零售Ⅱ,地方国有企业,8,21,2
302,002326.SZ,2023/11/17,2326,永太科技,材料,材料Ⅱ,民营企业,1,1,3
303,600717.SH,2023/11/17,600717,天津港,工业,运输,地方国有企业,0,6,2
304,600718.SH,2023/11/17,600718,东软集团,信息技术,软件与服务,公众企业,2,8,0
305,002078.SZ,2023/11/17,2078,太阳纸业,材料,材料Ⅱ,民营企业,1,1,3
306,002081.SZ,2023/11/17,2081,金螳螂,工业,资本货物,民营企业,0,0,3
307,300869.SZ,2023/11/17,300869,康泰医学,医疗保健,医疗保健设备与服务,民营企业,4,4,3
308,603317.SH,2023/11/17,603317,天味食品,日常消费,食品、饮料与烟草,民营企业,8,13,3
309,601016.SH,2023/11/17,601016,节能风电,公用事业,公用事业Ⅱ,中央国有企业,3,3,1
310,601696.SH,2023/11/17,601696,中银证券,金融,多元金融,公众企业,7,9,0
311,600482.SH,2023/11/17,600482,中国动力,工业,资本货物,中央国有企业,0,0,1
312,600597.SH,2023/11/17,600597,光明乳业,日常消费,食品、饮料与烟草,地方国有企业,8,13,2
313,600598.SH,2023/11/17,600598,北大荒,日常消费,食品、饮料与烟草,中央国有企业,8,13,1
314,600153.SH,2023/11/17,600153,建发股份,工业,资本货物,地方国有企业,0,0,2
315,600155.SH,2023/11/17,600155,华创云信,金融,多元金融,公众企业,7,9,0
316,300357.SZ,2023/11/17,300357,我武生物,医疗保健,制药、生物科技与生命科学,民营企业,4,10,3
317,300363.SZ,2023/11/17,300363,博腾股份,医疗保健,制药、生物科技与生命科学,民营企业,4,10,3
318,600307.SH,2023/11/17,600307,酒钢宏兴,材料,材料Ⅱ,地方国有企业,1,1,2
319,600315.SH,2023/11/17,600315,上海家化,日常消费,家庭与个人用品,公众企业,8,19,0
320,300009.SZ,2023/11/17,300009,安科生物,医疗保健,制药、生物科技与生命科学,民营企业,4,10,3
321,300012.SZ,2023/11/17,300012,华测检测,工业,商业和专业服务,民营企业,0,17,3
322,600060.SH,2023/11/17,600060,海信视像,可选消费,耐用消费品与服装,公众企业,6,14,0
323,600062.SH,2023/11/17,600062,华润双鹤,医疗保健,制药、生物科技与生命科学,中央国有企业,4,10,1
324,600064.SH,2023/11/17,600064,南京高科,房地产,房地产Ⅱ,地方国有企业,5,5,2
325,600835.SH,2023/11/17,600835,上海机电,工业,资本货物,地方国有企业,0,0,2
326,600839.SH,2023/11/17,600839,四川长虹,可选消费,耐用消费品与服装,地方国有企业,6,14,2
327,600728.SH,2023/11/17,600728,佳都科技,信息技术,软件与服务,民营企业,2,8,3
328,600732.SH,2023/11/17,600732,爱旭股份,信息技术,半导体与半导体生产设备,民营企业,2,16,3
329,002353.SZ,2023/11/17,2353,杰瑞股份,能源,能源Ⅱ,民营企业,9,18,3
330,688088.SH,2023/11/17,688088,虹软科技,信息技术,软件与服务,外资企业,2,8,6
331,601058.SH,2023/11/17,601058,赛轮轮胎,可选消费,汽车与汽车零部件,民营企业,6,12,3
332,603345.SH,2023/11/17,603345,安井食品,日常消费,食品、饮料与烟草,民营企业,8,13,3
333,300888.SZ,2023/11/17,300888,稳健医疗,可选消费,耐用消费品与服装,民营企业,6,14,3
334,300376.SZ,2023/11/17,300376,易事特,工业,资本货物,公众企业,0,0,0
335,300017.SZ,2023/11/17,300017,网宿科技,信息技术,软件与服务,公众企业,2,8,0
336,600486.SH,2023/11/17,600486,扬农化工,材料,材料Ⅱ,中央国有企业,1,1,1
337,600487.SH,2023/11/17,600487,亨通光电,信息技术,技术硬件与设备,民营企业,2,2,3
338,600316.SH,2023/11/17,600316,洪都航空,工业,资本货物,中央国有企业,0,0,1
339,002092.SZ,2023/11/17,2092,中泰化学,材料,材料Ⅱ,地方国有企业,1,1,2
340,600157.SH,2023/11/17,600157,永泰能源,公用事业,公用事业Ⅱ,民营企业,3,3,3
341,600160.SH,2023/11/17,600160,巨化股份,材料,材料Ⅱ,地方国有企业,1,1,2
342,600066.SH,2023/11/17,600066,宇通客车,可选消费,汽车与汽车零部件,民营企业,6,12,3
343,600737.SH,2023/11/17,600737,中粮糖业,日常消费,食品、饮料与烟草,中央国有企业,8,13,1
344,600739.SH,2023/11/17,600739,辽宁成大,可选消费,零售业,地方国有企业,6,15,2
345,600848.SH,2023/11/17,600848,上海临港,房地产,房地产Ⅱ,地方国有企业,5,5,2
346,600623.SH,2023/11/17,600623,华谊集团,材料,材料Ⅱ,地方国有企业,1,1,2
347,002368.SZ,2023/11/17,2368,太极股份,信息技术,软件与服务,中央国有企业,2,8,1
348,002372.SZ,2023/11/17,2372,伟星新材,工业,资本货物,民营企业,0,0,3
349,601077.SH,2023/11/17,601077,渝农商行,金融,银行,地方国有企业,7,20,2
350,601098.SH,2023/11/17,601098,中南传媒,可选消费,媒体Ⅱ,地方国有企业,6,7,2
351,603355.SH,2023/11/17,603355,莱克电气,可选消费,耐用消费品与服装,民营企业,6,14,3
352,300024.SZ,2023/11/17,300024,机器人,工业,资本货物,中央国有企业,0,0,1
353,300026.SZ,2023/11/17,300026,红日药业,医疗保健,制药、生物科技与生命科学,地方国有企业,4,10,2
354,688099.SH,2023/11/17,688099,晶晨股份,信息技术,半导体与半导体生产设备,外资企业,2,16,6
355,600497.SH,2023/11/17,600497,驰宏锌锗,材料,材料Ⅱ,中央国有企业,1,1,1
356,600498.SH,2023/11/17,600498,烽火通信,信息技术,技术硬件与设备,中央国有企业,2,2,1
357,600499.SH,2023/11/17,600499,科达制造,工业,资本货物,公众企业,0,0,0
358,600500.SH,2023/11/17,600500,中化国际,材料,材料Ⅱ,中央国有企业,1,1,1
359,300383.SZ,2023/11/17,300383,光环新网,信息技术,软件与服务,民营企业,2,8,3
360,002110.SZ,2023/11/17,2110,三钢闽光,材料,材料Ⅱ,地方国有企业,1,1,2
361,600166.SH,2023/11/17,600166,福田汽车,可选消费,汽车与汽车零部件,地方国有企业,6,12,2
362,600167.SH,2023/11/17,600167,联美控股,公用事业,公用事业Ⅱ,民营企业,3,3,3
363,600170.SH,2023/11/17,600170,上海建工,工业,资本货物,地方国有企业,0,0,2
364,600171.SH,2023/11/17,600171,上海贝岭,信息技术,半导体与半导体生产设备,中央国有企业,2,16,1
365,600325.SH,2023/11/17,600325,华发股份,房地产,房地产Ⅱ,地方国有企业,5,5,2
366,600329.SH,2023/11/17,600329,达仁堂,医疗保健,制药、生物科技与生命科学,公众企业,4,10,0
367,600859.SH,2023/11/17,600859,王府井,可选消费,零售业,地方国有企业,6,15,2
368,600862.SH,2023/11/17,600862,中航高科,工业,资本货物,中央国有企业,0,0,1
369,600863.SH,2023/11/17,600863,内蒙华电,公用事业,公用事业Ⅱ,中央国有企业,3,3,1
370,600755.SH,2023/11/17,600755,厦门国贸,工业,资本货物,地方国有企业,0,0,2
371,600079.SH,2023/11/17,600079,人福医药,医疗保健,制药、生物科技与生命科学,民营企业,4,10,3
372,601106.SH,2023/11/17,601106,中国一重,工业,资本货物,中央国有企业,0,0,1
373,601108.SH,2023/11/17,601108,财通证券,金融,多元金融,地方国有企业,7,9,2
374,300037.SZ,2023/11/17,300037,新宙邦,材料,材料Ⅱ,民营企业,1,1,3
375,002373.SZ,2023/11/17,2373,千方科技,信息技术,软件与服务,民营企业,2,8,3
376,600637.SH,2023/11/17,600637,东方明珠,可选消费,媒体Ⅱ,地方国有企业,6,7,2
377,603379.SH,2023/11/17,603379,三美股份,材料,材料Ⅱ,民营企业,1,1,3
378,600507.SH,2023/11/17,600507,方大特钢,材料,材料Ⅱ,民营企业,1,1,3
379,688122.SH,2023/11/17,688122,西部超导,材料,材料Ⅱ,地方国有企业,1,1,2
380,300390.SZ,2023/11/17,300390,天华新能,信息技术,技术硬件与设备,民营企业,2,2,3
381,600177.SH,2023/11/17,600177,雅戈尔,可选消费,耐用消费品与服装,民营企业,6,14,3
382,002124.SZ,2023/11/17,2124,天邦食品,日常消费,食品、饮料与烟草,民营企业,8,13,3
383,002127.SZ,2023/11/17,2127,南极电商,可选消费,零售业,民营企业,6,15,3
384,002128.SZ,2023/11/17,2128,电投能源,材料,材料Ⅱ,中央国有企业,1,1,1
385,600764.SH,2023/11/17,600764,中国海防,工业,资本货物,中央国有企业,0,0,1
386,600765.SH,2023/11/17,600765,中航重机,工业,资本货物,中央国有企业,0,0,1
387,600339.SH,2023/11/17,600339,中油工程,能源,能源Ⅱ,中央国有企业,9,18,1
388,601118.SH,2023/11/17,601118,海南橡胶,日常消费,食品、饮料与烟草,地方国有企业,8,13,2
389,601128.SH,2023/11/17,601128,常熟银行,金融,银行,地方国有企业,7,20,2
390,601139.SH,2023/11/17,601139,深圳燃气,公用事业,公用事业Ⅱ,地方国有企业,3,3,2
391,600867.SH,2023/11/17,600867,通化东宝,医疗保健,制药、生物科技与生命科学,民营企业,4,10,3
392,600871.SH,2023/11/17,600871,石化油服,能源,能源Ⅱ,中央国有企业,9,18,1
393,600511.SH,2023/11/17,600511,国药股份,医疗保健,医疗保健设备与服务,中央国有企业,4,4,1
394,600516.SH,2023/11/17,600516,方大炭素,材料,材料Ⅱ,民营企业,1,1,3
395,600517.SH,2023/11/17,600517,国网英大,工业,资本货物,中央国有企业,0,0,1
396,600642.SH,2023/11/17,600642,申能股份,公用事业,公用事业Ⅱ,地方国有企业,3,3,2
397,002382.SZ,2023/11/17,2382,蓝帆医疗,医疗保健,医疗保健设备与服务,民营企业,4,4,3
398,002384.SZ,2023/11/17,2384,东山精密,信息技术,技术硬件与设备,民营企业,2,2,3
399,002385.SZ,2023/11/17,2385,大北农,日常消费,食品、饮料与烟草,民营企业,8,13,3
400,002387.SZ,2023/11/17,2387,维信诺,信息技术,技术硬件与设备,公众企业,2,2,0
401,600195.SH,2023/11/17,600195,中牧股份,医疗保健,制药、生物科技与生命科学,中央国有企业,4,10,1
402,600201.SH,2023/11/17,600201,生物股份,医疗保健,制药、生物科技与生命科学,公众企业,4,10,0
403,300418.SZ,2023/11/17,300418,昆仑万维,信息技术,软件与服务,民营企业,2,8,3
404,002131.SZ,2023/11/17,2131,利欧股份,可选消费,媒体Ⅱ,民营企业,6,7,3
405,600782.SH,2023/11/17,600782,新钢股份,材料,材料Ⅱ,中央国有企业,1,1,1
406,600348.SH,2023/11/17,600348,华阳股份,能源,能源Ⅱ,地方国有企业,9,18,2
407,600350.SH,2023/11/17,600350,山东高速,工业,运输,地方国有企业,0,6,2
408,601156.SH,2023/11/17,601156,东航物流,工业,运输,中央国有企业,0,6,1
409,601162.SH,2023/11/17,601162,天风证券,金融,多元金融,地方国有企业,7,9,2
410,600875.SH,2023/11/17,600875,东方电气,工业,资本货物,中央国有企业,0,0,1
411,600879.SH,2023/11/17,600879,航天电子,工业,资本货物,中央国有企业,0,0,1
412,300058.SZ,2023/11/17,300058,蓝色光标,可选消费,媒体Ⅱ,公众企业,6,7,0
413,603444.SH,2023/11/17,603444,吉比特,信息技术,软件与服务,民营企业,2,8,3
414,603456.SH,2023/11/17,603456,九洲药业,医疗保健,制药、生物科技与生命科学,民营企业,4,10,3
415,002390.SZ,2023/11/17,2390,信邦制药,医疗保健,制药、生物科技与生命科学,民营企业,4,10,3
416,600521.SH,2023/11/17,600521,华海药业,医疗保健,制药、生物科技与生命科学,民营企业,4,10,3
417,600522.SH,2023/11/17,600522,中天科技,信息技术,技术硬件与设备,民营企业,2,2,3
418,600528.SH,2023/11/17,600528,中铁工业,工业,资本货物,中央国有企业,0,0,1
419,600648.SH,2023/11/17,600648,外高桥,工业,资本货物,地方国有企业,0,0,2
420,002138.SZ,2023/11/17,2138,顺络电子,信息技术,技术硬件与设备,公众企业,2,2,0
421,688180.SH,2023/11/17,688180,君实生物-U,医疗保健,制药、生物科技与生命科学,民营企业,4,10,3
422,600208.SH,2023/11/17,600208,新湖中宝,房地产,房地产Ⅱ,民营企业,5,5,3
423,600787.SH,2023/11/17,600787,中储股份,工业,运输,中央国有企业,0,6,1
424,600885.SH,2023/11/17,600885,宏发股份,工业,资本货物,民营企业,0,0,3
425,002396.SZ,2023/11/17,2396,星网锐捷,信息技术,技术硬件与设备,地方国有企业,2,2,2
426,002399.SZ,2023/11/17,2399,海普瑞,医疗保健,制药、生物科技与生命科学,民营企业,4,10,3
427,300070.SZ,2023/11/17,300070,碧水源,工业,商业和专业服务,中央国有企业,0,17,1
428,300072.SZ,2023/11/17,300072,海新能科,工业,商业和专业服务,地方国有企业,0,17,2
429,603515.SH,2023/11/17,603515,欧普照明,可选消费,耐用消费品与服装,民营企业,6,14,3
430,603517.SH,2023/11/17,603517,绝味食品,日常消费,食品、饮料与烟草,民营企业,8,13,3
431,600529.SH,2023/11/17,600529,山东药玻,医疗保健,医疗保健设备与服务,地方国有企业,4,4,2
432,600535.SH,2023/11/17,600535,天士力,医疗保健,制药、生物科技与生命科学,民营企业,4,10,3
433,600536.SH,2023/11/17,600536,中国软件,信息技术,软件与服务,中央国有企业,2,8,1
434,002146.SZ,2023/11/17,2146,荣盛发展,房地产,房地产Ⅱ,民营企业,5,5,3
435,002152.SZ,2023/11/17,2152,广电运通,信息技术,技术硬件与设备,地方国有企业,2,2,2
436,002153.SZ,2023/11/17,2153,石基信息,信息技术,软件与服务,民营企业,2,8,3
437,600216.SH,2023/11/17,600216,浙江医药,医疗保健,制药、生物科技与生命科学,民营企业,4,10,3
438,688185.SH,2023/11/17,688185,康希诺,医疗保健,制药、生物科技与生命科学,民营企业,4,10,3
439,688188.SH,2023/11/17,688188,柏楚电子,信息技术,技术硬件与设备,民营企业,2,2,3
440,600801.SH,2023/11/17,600801,华新水泥,材料,材料Ⅱ,外资企业,1,1,6
441,600895.SH,2023/11/17,600895,张江高科,房地产,房地产Ⅱ,地方国有企业,5,5,2
442,300073.SZ,2023/11/17,300073,当升科技,材料,材料Ⅱ,中央国有企业,1,1,1
443,002407.SZ,2023/11/17,2407,多氟多,材料,材料Ⅱ,民营企业,1,1,3
444,002408.SZ,2023/11/17,2408,齐翔腾达,材料,材料Ⅱ,地方国有企业,1,1,2
445,002409.SZ,2023/11/17,2409,雅克科技,材料,材料Ⅱ,民营企业,1,1,3
446,600233.SH,2023/11/17,600233,圆通速递,工业,运输,民营企业,0,6,3
447,600236.SH,2023/11/17,600236,桂冠电力,公用事业,公用事业Ⅱ,中央国有企业,3,3,1
448,002155.SZ,2023/11/17,2155,湖南黄金,材料,材料Ⅱ,地方国有企业,1,1,2
449,002156.SZ,2023/11/17,2156,通富微电,信息技术,半导体与半导体生产设备,民营企业,2,16,3
450,688208.SH,2023/11/17,688208,道通科技,信息技术,技术硬件与设备,民营企业,2,2,3
451,600901.SH,2023/11/17,600901,江苏金租,金融,多元金融,地方国有企业,7,9,2
452,600906.SH,2023/11/17,600906,财达证券,金融,多元金融,地方国有企业,7,9,2
453,600909.SH,2023/11/17,600909,华安证券,金融,多元金融,地方国有企业,7,9,2
454,600917.SH,2023/11/17,600917,重庆燃气,公用事业,公用事业Ⅱ,中央国有企业,3,3,1
455,600808.SH,2023/11/17,600808,马钢股份,材料,材料Ⅱ,中央国有企业,1,1,1
456,300088.SZ,2023/11/17,300088,长信科技,信息技术,技术硬件与设备,地方国有企业,2,2,2
457,002174.SZ,2023/11/17,2174,游族网络,信息技术,软件与服务,公众企业,2,8,0
458,600256.SH,2023/11/17,600256,广汇能源,能源,能源Ⅱ,民营企业,9,18,3
459,600258.SH,2023/11/17,600258,首旅酒店,可选消费,消费者服务Ⅱ,地方国有企业,6,22,2
460,600259.SH,2023/11/17,600259,广晟有色,材料,材料Ⅱ,地方国有企业,1,1,2
461,002416.SZ,2023/11/17,2416,爱施德,信息技术,技术硬件与设备,民营企业,2,2,3
462,300115.SZ,2023/11/17,300115,长盈精密,信息技术,技术硬件与设备,民营企业,2,2,3
463,002180.SZ,2023/11/17,2180,纳思达,信息技术,半导体与半导体生产设备,民营企业,2,16,3
464,002183.SZ,2023/11/17,2183,怡亚通,工业,商业和专业服务,地方国有企业,0,17,2
465,002185.SZ,2023/11/17,2185,华天科技,信息技术,半导体与半导体生产设备,民营企业,2,16,3
466,002422.SZ,2023/11/17,2422,科伦药业,医疗保健,制药、生物科技与生命科学,民营企业,4,10,3
467,002423.SZ,2023/11/17,2423,中粮资本,金融,多元金融,中央国有企业,7,9,1
468,688256.SH,2023/11/17,688256,寒武纪-U,信息技术,半导体与半导体生产设备,民营企业,2,16,3
469,300136.SZ,2023/11/17,300136,信维通信,信息技术,技术硬件与设备,民营企业,2,2,3
470,002429.SZ,2023/11/17,2429,兆驰股份,可选消费,耐用消费品与服装,地方国有企业,6,14,2
471,002430.SZ,2023/11/17,2430,杭氧股份,工业,资本货物,地方国有企业,0,0,2
472,002434.SZ,2023/11/17,2434,万里扬,可选消费,汽车与汽车零部件,民营企业,6,12,3
473,688289.SH,2023/11/17,688289,圣湘生物,医疗保健,制药、生物科技与生命科学,民营企业,4,10,3
474,002191.SZ,2023/11/17,2191,劲嘉股份,工业,商业和专业服务,民营企业,0,17,3
475,300144.SZ,2023/11/17,300144,宋城演艺,可选消费,消费者服务Ⅱ,民营企业,6,22,3
476,002439.SZ,2023/11/17,2439,启明星辰,信息技术,软件与服务,民营企业,2,8,3
477,002195.SZ,2023/11/17,2195,岩山科技,信息技术,软件与服务,民营企业,2,8,3
478,300146.SZ,2023/11/17,300146,汤臣倍健,日常消费,食品、饮料与烟草,民营企业,8,13,3
479,688321.SH,2023/11/17,688321,微芯生物,医疗保健,制药、生物科技与生命科学,外资企业,4,10,6
480,002444.SZ,2023/11/17,2444,巨星科技,可选消费,耐用消费品与服装,民营企业,6,14,3
481,300166.SZ,2023/11/17,300166,东方国信,信息技术,软件与服务,民营企业,2,8,3
482,300168.SZ,2023/11/17,300168,万达信息,信息技术,软件与服务,公众企业,2,8,0
483,002203.SZ,2023/11/17,2203,海亮股份,材料,材料Ⅱ,民营企业,1,1,3
484,688390.SH,2023/11/17,688390,固德威,信息技术,半导体与半导体生产设备,民营企业,2,16,3
485,002465.SZ,2023/11/17,2465,海格通信,信息技术,技术硬件与设备,地方国有企业,2,2,2
486,002468.SZ,2023/11/17,2468,申通快递,工业,运输,民营企业,0,6,3
487,002212.SZ,2023/11/17,2212,天融信,信息技术,软件与服务,公众企业,2,8,0
488,300182.SZ,2023/11/17,300182,捷成股份,信息技术,软件与服务,民营企业,2,8,3
489,688521.SH,2023/11/17,688521,芯原股份,信息技术,半导体与半导体生产设备,公众企业,2,16,0
490,002221.SZ,2023/11/17,2221,东华能源,能源,能源Ⅱ,民营企业,9,18,3
491,002223.SZ,2023/11/17,2223,鱼跃医疗,医疗保健,医疗保健设备与服务,民营企业,4,4,3
492,300212.SZ,2023/11/17,300212,易华录,信息技术,软件与服务,中央国有企业,2,8,1
493,688777.SH,2023/11/17,688777,中控技术,信息技术,软件与服务,民营企业,2,8,3
494,300244.SZ,2023/11/17,300244,迪安诊断,医疗保健,医疗保健设备与服务,民营企业,4,4,3
495,002497.SZ,2023/11/17,2497,雅化集团,材料,材料Ⅱ,民营企业,1,1,3
496,002500.SZ,2023/11/17,2500,山西证券,金融,多元金融,地方国有企业,7,9,2
497,300251.SZ,2023/11/17,300251,光线传媒,可选消费,媒体Ⅱ,民营企业,6,7,3
498,688819.SH,2023/11/17,688819,天能股份,工业,资本货物,民营企业,0,0,3
499,689009.SH,2023/11/17,689009,九号公司-WD,可选消费,耐用消费品与服装,民营企业,6,14,3
500,000155.SZ,2023/11/17,155,川能动力,公用事业,公用事业Ⅱ,地方国有企业,3,3,2
501,600352.SH,2023/11/17,600352,浙江龙盛,材料,材料Ⅱ,民营企业,1,1,3
502,000591.SZ,2023/11/17,591,太阳能,公用事业,公用事业Ⅱ,中央国有企业,3,3,1
503,300373.SZ,2023/11/17,300373,扬杰科技,信息技术,半导体与半导体生产设备,民营企业,2,16,3
504,600378.SH,2023/11/17,600378,昊华科技,材料,材料Ⅱ,中央国有企业,1,1,1
505,000683.SZ,2023/11/17,683,远兴能源,材料,材料Ⅱ,民营企业,1,1,3
506,000703.SZ,2023/11/17,703,恒逸石化,材料,材料Ⅱ,民营企业,1,1,3
507,600873.SH,2023/11/17,600873,梅花生物,日常消费,食品、饮料与烟草,民营企业,8,13,3
508,601231.SH,2023/11/17,601231,环旭电子,信息技术,技术硬件与设备,外资企业,2,2,6
509,601233.SH,2023/11/17,601233,桐昆股份,材料,材料Ⅱ,民营企业,1,1,3
510,603160.SH,2023/11/17,603160,汇顶科技,信息技术,半导体与半导体生产设备,民营企业,2,16,3
511,300850.SZ,2023/11/17,300850,新强联,工业,资本货物,民营企业,0,0,3
512,600489.SH,2023/11/17,600489,中金黄金,材料,材料Ⅱ,中央国有企业,1,1,1
513,601666.SH,2023/11/17,601666,平煤股份,能源,能源Ⅱ,地方国有企业,9,18,2
514,002080.SZ,2023/11/17,2080,中材科技,材料,材料Ⅱ,中央国有企业,1,1,1
515,002531.SZ,2023/11/17,2531,天顺风能,工业,资本货物,民营企业,0,0,3
516,300861.SZ,2023/11/17,300861,美畅股份,材料,材料Ⅱ,民营企业,1,1,3
517,603688.SH,2023/11/17,603688,石英股份,材料,材料Ⅱ,民营企业,1,1,3
518,002850.SZ,2023/11/17,2850,科达利,工业,资本货物,民营企业,0,0,3
519,688063.SH,2023/11/17,688063,派能科技,工业,资本货物,公众企业,0,0,0
520,002340.SZ,2023/11/17,2340,格林美,材料,材料Ⅱ,民营企业,1,1,3
521,300866.SZ,2023/11/17,300866,安克创新,信息技术,技术硬件与设备,民营企业,2,2,3
522,600655.SH,2023/11/17,600655,豫园股份,可选消费,耐用消费品与服装,民营企业,6,14,3
523,002568.SZ,2023/11/17,2568,百润股份,日常消费,食品、饮料与烟草,民营企业,8,13,3
524,301029.SZ,2023/11/17,301029,怡合达,信息技术,技术硬件与设备,民营企业,2,2,3
525,600161.SH,2023/11/17,600161,天坛生物,医疗保健,制药、生物科技与生命科学,中央国有企业,4,10,1
526,601158.SH,2023/11/17,601158,重庆水务,公用事业,公用事业Ⅱ,地方国有企业,3,3,2
527,002192.SZ,2023/11/17,2192,融捷股份,材料,材料Ⅱ,民营企业,1,1,3
528,688116.SH,2023/11/17,688116,天奈科技,材料,材料Ⅱ,民营企业,1,1,3
529,300568.SZ,2023/11/17,300568,星源材质,材料,材料Ⅱ,民营企业,1,1,3
530,603816.SH,2023/11/17,603816,顾家家居,可选消费,耐用消费品与服装,民营企业,6,14,3
531,300604.SZ,2023/11/17,300604,长川科技,工业,资本货物,民营企业,0,0,3
532,603737.SH,2023/11/17,603737,三棵树,材料,材料Ⅱ,民营企业,1,1,3
533,600032.SH,2023/11/17,600032,浙江新能,公用事业,公用事业Ⅱ,地方国有企业,3,3,2
534,002025.SZ,2023/11/17,2025,航天电器,信息技术,技术硬件与设备,中央国有企业,2,2,1
535,688301.SH,2023/11/17,688301,奕瑞科技,医疗保健,医疗保健设备与服务,外资企业,4,4,6
536,603893.SH,2023/11/17,603893,瑞芯微,信息技术,半导体与半导体生产设备,民营企业,2,16,3
537,603596.SH,2023/11/17,603596,伯特利,可选消费,汽车与汽车零部件,外资企业,6,12,6
538,300682.SZ,2023/11/17,300682,朗新科技,信息技术,软件与服务,民营企业,2,8,3
539,688385.SH,2023/11/17,688385,复旦微电,信息技术,半导体与半导体生产设备,公众企业,2,16,0
540,603606.SH,2023/11/17,603606,东方电缆,工业,资本货物,民营企业,0,0,3
541,002738.SZ,2023/11/17,2738,中矿资源,材料,材料Ⅱ,民营企业,1,1,3
542,300003.SZ,2023/11/17,300003,乐普医疗,医疗保健,医疗保健设备与服务,民营企业,4,4,3
543,688538.SH,2023/11/17,688538,和辉光电-U,信息技术,技术硬件与设备,地方国有企业,2,2,2
544,300776.SZ,2023/11/17,300776,帝尔激光,信息技术,技术硬件与设备,民营企业,2,2,3
545,688567.SH,2023/11/17,688567,孚能科技,工业,资本货物,外资企业,0,0,6
546,605358.SH,2023/11/17,605358,立昂微,信息技术,半导体与半导体生产设备,民营企业,2,16,3
547,688690.SH,2023/11/17,688690,纳微科技,医疗保健,制药、生物科技与生命科学,外资企业,4,10,6
548,688772.SH,2023/11/17,688772,珠海冠宇,信息技术,技术硬件与设备,民营企业,2,2,3
549,688779.SH,2023/11/17,688779,长远锂科,材料,材料Ⅱ,中央国有企业,1,1,1
550,000066.SZ,2023/11/17,66,中国长城,信息技术,技术硬件与设备,中央国有企业,2,2,1
551,000423.SZ,2023/11/17,423,东阿阿胶,医疗保健,制药、生物科技与生命科学,中央国有企业,4,10,1
552,002432.SZ,2023/11/17,2432,九安医疗,医疗保健,医疗保健设备与服务,民营企业,4,4,3
553,300438.SZ,2023/11/17,300438,鹏辉能源,工业,资本货物,民营企业,0,0,3
554,300442.SZ,2023/11/17,300442,润泽科技,信息技术,软件与服务,民营企业,2,8,3
555,002463.SZ,2023/11/17,2463,沪电股份,信息技术,技术硬件与设备,外资企业,2,2,6
556,002032.SZ,2023/11/17,2032,苏泊尔,可选消费,耐用消费品与服装,外资企业,6,14,6
557,002487.SZ,2023/11/17,2487,大金重工,工业,资本货物,民营企业,0,0,3
558,002600.SZ,2023/11/17,2600,领益智造,信息技术,技术硬件与设备,民营企业,2,2,3
559,601136.SH,2023/11/17,601136,首创证券,金融,多元金融,地方国有企业,7,9,2
560,000893.SZ,2023/11/17,893,亚钾国际,材料,材料Ⅱ,公众企业,1,1,0
561,002608.SZ,2023/11/17,2608,江苏国信,公用事业,公用事业Ⅱ,地方国有企业,3,3,2
562,002761.SZ,2023/11/17,2761,浙江建投,工业,资本货物,地方国有企业,0,0,2
563,688200.SH,2023/11/17,688200,华峰测控,信息技术,半导体与半导体生产设备,民营企业,2,16,3
564,300487.SZ,2023/11/17,300487,蓝晓科技,材料,材料Ⅱ,民营企业,1,1,3
565,300395.SZ,2023/11/17,300395,菲利华,材料,材料Ⅱ,民营企业,1,1,3
566,002791.SZ,2023/11/17,2791,坚朗五金,工业,资本货物,民营企业,0,0,3
567,601966.SH,2023/11/17,601966,玲珑轮胎,可选消费,汽车与汽车零部件,民营企业,6,12,3
568,688052.SH,2023/11/17,688052,纳芯微,信息技术,半导体与半导体生产设备,民营企业,2,16,3
569,300529.SZ,2023/11/17,300529,健帆生物,医疗保健,医疗保健设备与服务,民营企业,4,4,3
570,002008.SZ,2023/11/17,2008,大族激光,信息技术,技术硬件与设备,外资企业,2,2,6
571,603529.SH,2023/11/17,603529,爱玛科技,可选消费,汽车与汽车零部件,民营企业,6,12,3
572,688072.SH,2023/11/17,688072,拓荆科技,信息技术,技术硬件与设备,公众企业,2,2,0
573,300118.SZ,2023/11/17,300118,东方日升,信息技术,半导体与半导体生产设备,民营企业,2,16,3
574,688220.SH,2023/11/17,688220,翱捷科技-U,信息技术,软件与服务,外资企业,2,8,6
575,600995.SH,2023/11/17,600995,南网储能,公用事业,公用事业Ⅱ,中央国有企业,3,3,1
576,000933.SZ,2023/11/17,933,神火股份,材料,材料Ⅱ,地方国有企业,1,1,2
577,002518.SZ,2023/11/17,2518,科士达,工业,资本货物,民营企业,0,0,3
578,688082.SH,2023/11/17,688082,盛美上海,信息技术,半导体与半导体生产设备,外资企业,2,16,6
579,688234.SH,2023/11/17,688234,天岳先进,信息技术,半导体与半导体生产设备,民营企业,2,16,3
580,603826.SH,2023/11/17,603826,坤彩科技,材料,材料Ⅱ,民营企业,1,1,3
581,688248.SH,2023/11/17,688248,南网科技,工业,资本货物,中央国有企业,0,0,1
582,000958.SZ,2023/11/17,958,电投产融,公用事业,公用事业Ⅱ,中央国有企业,3,3,1
583,688105.SH,2023/11/17,688105,诺唯赞,医疗保健,制药、生物科技与生命科学,民营企业,4,10,3
584,688107.SH,2023/11/17,688107,安路科技,信息技术,半导体与半导体生产设备,公众企业,2,16,0
585,300595.SZ,2023/11/17,300595,欧普康视,医疗保健,医疗保健设备与服务,民营企业,4,4,3
586,688276.SH,2023/11/17,688276,百克生物,医疗保健,制药、生物科技与生命科学,地方国有企业,4,10,2
587,600416.SH,2023/11/17,600416,湘电股份,工业,资本货物,地方国有企业,0,0,2
588,688169.SH,2023/11/17,688169,石头科技,可选消费,耐用消费品与服装,民营企业,6,14,3
589,603882.SH,2023/11/17,603882,金域医学,医疗保健,医疗保健设备与服务,民营企业,4,4,3
590,688281.SH,2023/11/17,688281,华秦科技,工业,资本货物,民营企业,0,0,3
591,600481.SH,2023/11/17,600481,双良节能,工业,资本货物,民营企业,0,0,3
592,688295.SH,2023/11/17,688295,中复神鹰,材料,材料Ⅱ,中央国有企业,1,1,1
593,603338.SH,2023/11/17,603338,浙江鼎力,工业,资本货物,民营企业,0,0,3
594,688516.SH,2023/11/17,688516,奥特维,工业,资本货物,民营企业,0,0,3
595,688520.SH,2023/11/17,688520,神州细胞-U,医疗保健,制药、生物科技与生命科学,民营企业,4,10,3
596,300748.SZ,2023/11/17,300748,金力永磁,材料,材料Ⅱ,民营企业,1,1,3
597,688536.SH,2023/11/17,688536,思瑞浦,信息技术,半导体与半导体生产设备,公众企业,2,16,0
598,688778.SH,2023/11/17,688778,厦钨新能,材料,材料Ⅱ,地方国有企业,1,1,2
